{"cameraMode":{"drawMode":0,"name":"Shaded","section":"Shading Mode"},"sceneLighting":false,"audioPlay":false,"sceneViewState":{"showFog":true,"showMaterialUpdate":false,"showSkybox":false,"showFlares":true,"showImageEffects":true,"showParticleSystems":true},"in2DMode":false,"pivot":{"x":245.5768280029297,"y":3.843998432159424,"z":186.5935821533203},"rotation":{"x":-0.09083957970142365,"y":0.8900704979896545,"z":-0.2025272250175476,"w":-0.3983834385871887},"size":5.842680931091309,"orthographic":false}