{"cameraMode":{"drawMode":0,"name":"Shaded","section":"Shading Mode"},"sceneLighting":true,"audioPlay":false,"sceneViewState":{"showFog":true,"showMaterialUpdate":false,"showSkybox":true,"showFlares":true,"showImageEffects":true,"showParticleSystems":true},"in2DMode":false,"pivot":{"x":614.141845703125,"y":-1049.845947265625,"z":788.1993408203125},"rotation":{"x":-0.4498443603515625,"y":-0.20253078639507295,"z":0.10551934689283371,"w":-0.8634175658226013},"size":675.62744140625,"orthographic":false}