{"cameraMode":{"drawMode":0,"name":"Shaded","section":"Shading Mode"},"sceneLighting":true,"audioPlay":false,"sceneViewState":{"showFog":true,"showMaterialUpdate":false,"showSkybox":true,"showFlares":true,"showImageEffects":true,"showParticleSystems":true},"in2DMode":false,"pivot":{"x":278.1324768066406,"y":0.7092304229736328,"z":156.99710083007813},"rotation":{"x":-0.13365058600902558,"y":-0.8113863468170166,"z":0.2039695382118225,"w":-0.5314527153968811},"size":36.884300231933597,"orthographic":false}