{"cameraMode":{"drawMode":0,"name":"Shaded","section":"Shading Mode"},"sceneLighting":true,"audioPlay":false,"sceneViewState":{"showFog":true,"showMaterialUpdate":false,"showSkybox":true,"showFlares":true,"showImageEffects":true,"showParticleSystems":true},"in2DMode":false,"pivot":{"x":251.47073364257813,"y":19.79297637939453,"z":115.22846984863281},"rotation":{"x":0.36379310488700869,"y":-0.005629340652376413,"z":0.0020631991792470218,"w":0.9315577745437622},"size":49.34369659423828,"orthographic":false}