{"cameraMode":{"drawMode":0,"name":"Shaded","section":"Shading Mode"},"sceneLighting":false,"audioPlay":false,"sceneViewState":{"showFog":true,"showMaterialUpdate":false,"showSkybox":false,"showFlares":true,"showImageEffects":true,"showParticleSystems":true},"in2DMode":false,"pivot":{"x":258.3226318359375,"y":3.4902470111846926,"z":135.2794952392578},"rotation":{"x":-0.12164313346147537,"y":0.8533946871757507,"z":-0.22958599030971528,"w":-0.452131450176239},"size":3.6443872451782228,"orthographic":false}