{"cameraMode":{"drawMode":0,"name":"Shaded","section":"Shading Mode"},"sceneLighting":true,"audioPlay":false,"sceneViewState":{"showFog":true,"showMaterialUpdate":false,"showSkybox":true,"showFlares":true,"showImageEffects":true,"showParticleSystems":true},"in2DMode":false,"pivot":{"x":275.5962829589844,"y":-6.690968036651611,"z":151.04879760742188},"rotation":{"x":0.24339555203914643,"y":-0.05928867682814598,"z":0.014987336471676827,"w":0.9681293368339539},"size":57.52846145629883,"orthographic":false}