{"cameraMode":{"drawMode":0,"name":"Shaded","section":"Shading Mode"},"sceneLighting":true,"audioPlay":false,"sceneViewState":{"showFog":true,"showMaterialUpdate":false,"showSkybox":true,"showFlares":true,"showImageEffects":true,"showParticleSystems":true},"in2DMode":false,"pivot":{"x":589.4337158203125,"y":221.8802490234375,"z":331.6808776855469},"rotation":{"x":-0.1287420243024826,"y":0.7207255363464356,"z":-0.13929694890975953,"w":-0.6669663786888123},"size":34.23560333251953,"orthographic":false}